#=================================================================,,,,,,,,
# Freeform,,,,,,,,
# Report suite: Hyatt Place Blacksburg/University - V,,,,,,,,
"# Date: May 1, 2021 - May 31, 2021",,,,,,,,
#=================================================================,,,,,,,,
,,,,,,,,
,,,,,,,,
##############################################,,,,,,,,
# Freeform table,,,,,,,,
##############################################,,,,,,,,
,,,Visits,Bookings,Bounces,Room Nights,Revenue,Conversion Rate
Full Property Name,,,7750,563,2197,1059,136010.72,0.072645161
Hyatt Place Blacksburg/University,,,7750,563,2197,1059,136010.72,0.072645161
Hyatt Place Blacksburg/University,Last Touch Channel Allocation,,8465,592,2483,958,115333.97,0.069935027
Hyatt Place Blacksburg/University,Unspecified,,2284,151,237,238,23667.89,0.066112084
Hyatt Place Blacksburg/University,natural search,,2224,224,381,362,47051.95,0.100719424
Hyatt Place Blacksburg/University,typed/bookmarked,,1501,97,279,162,18439,0.064623584
Hyatt Place Blacksburg/University,hotel wifi,,1477,0,1450,0,0,0
Hyatt Place Blacksburg/University,paid meta,,300,39,15,59,8110.49,0.13
Hyatt Place Blacksburg/University,paid search,,272,44,26,91,11984.64,0.161764706
Hyatt Place Blacksburg/University,email,,183,11,12,16,2040.2,0.06010929
Hyatt Place Blacksburg/University,unpaid referrers,,182,15,33,17,2344,0.082417582
Hyatt Place Blacksburg/University,unpaid referrers,Original Referring Domain,182,15,33,17,2344,0.082417582
Hyatt Place Blacksburg/University,misc,,83,3,34,4,481.2,0.036144578
Hyatt Place Blacksburg/University,organic meta,,78,8,8,9,1214.6,0.102564103
Hyatt Place Blacksburg/University,paid social,,12,0,2,0,0,0
Hyatt Place Blacksburg/University,social media,,10,0,6,0,0,0
Hyatt Place Blacksburg/University,meta search,,1,0,0,0,0,0
