#=================================================================
# Freeform
# Report suite: Hyatt Place Blacksburg/University - V
"# Date: Mar 1, 2023 - Mar 31, 2023"
#=================================================================


##############################################
# Freeform table
##############################################
,,,Visits,Bookings,Revenue,Room Nights,Bounces,Conversion Rate
Full Property Name,,,11927,902,234329.77,1435,3682,0.07562672926972415
Hyatt Place Blacksburg/University,,,11927,902,234329.77000000002,1435,3682,0.07562672926972415
Hyatt Place Blacksburg/University,Last Touch Channel Allocation,,11927,902,234329.77,1435,3682,0.07562672926972415
Hyatt Place Blacksburg/University,natural search,,3027,260,68329.2,393,394,0.08589362405021474
Hyatt Place Blacksburg/University,hotel wifi,,2663,1,796,4,2581,0.0003755163349605708
Hyatt Place Blacksburg/University,Unspecified,,2467,241,52409.65,386,170,0.0976895014187272
Hyatt Place Blacksburg/University,typed/bookmarked,,1409,162,43910.05,286,231,0.11497515968772179
Hyatt Place Blacksburg/University,paid search,,896,88,24352.66,129,125,0.09821428571428571
Hyatt Place Blacksburg/University,unpaid referrers,,605,25,7459.45,41,63,0.04132231404958678
Hyatt Place Blacksburg/University,unpaid referrers,Original Referring Domain,605,25,7459.45,41,63,0.04132231404958678
Hyatt Place Blacksburg/University,unpaid referrers,vt.edu,144,5,1053.55,7,27,0.034722222222222224
Hyatt Place Blacksburg/University,unpaid referrers,None,63,8,2219.8,12,6,0.12698412698412698
Hyatt Place Blacksburg/University,unpaid referrers,duckduckgo.com,62,8,2686.15,12,5,0.12903225806451613
Hyatt Place Blacksburg/University,unpaid referrers,trivago.com,58,0,0,0,0,0
Hyatt Place Blacksburg/University,unpaid referrers,google.com,57,2,393.25,2,6,0.03508771929824561
Hyatt Place Blacksburg/University,unpaid referrers,tripadvisor.com,45,0,0,0,0,0
Hyatt Place Blacksburg/University,unpaid referrers,kayak.com,41,0,0,0,0,0
Hyatt Place Blacksburg/University,unpaid referrers,ceek.jp,25,0,0,0,0,0
Hyatt Place Blacksburg/University,unpaid referrers,search.com,20,0,0,0,0,0
Hyatt Place Blacksburg/University,unpaid referrers,withjoy.com,17,0,0,0,1,0
Hyatt Place Blacksburg/University,unpaid referrers,apple.com,12,1,726.75,5,1,0.08333333333333333
Hyatt Place Blacksburg/University,unpaid referrers,thevthotel.com,9,1,379.95,3,6,0.1111111111111111
Hyatt Place Blacksburg/University,unpaid referrers,theknot.com,7,0,0,0,3,0
Hyatt Place Blacksburg/University,unpaid referrers,salesforce-sites.com,5,0,0,0,2,0
Hyatt Place Blacksburg/University,unpaid referrers,predictiveresponse.net,5,0,0,0,1,0
Hyatt Place Blacksburg/University,unpaid referrers,questionpro.com,4,0,0,0,0,0
Hyatt Place Blacksburg/University,unpaid referrers,live.com,3,0,0,0,2,0
Hyatt Place Blacksburg/University,unpaid referrers,ecosia.org,3,0,0,0,0,0
Hyatt Place Blacksburg/University,unpaid referrers,2023-aiche-vt.com,2,0,0,0,0,0
Hyatt Place Blacksburg/University,unpaid referrers,bing.com,2,0,0,0,0,0
Hyatt Place Blacksburg/University,unpaid referrers,vcom.edu,2,0,0,0,0,0
Hyatt Place Blacksburg/University,unpaid referrers,brave.com,2,0,0,0,0,0
Hyatt Place Blacksburg/University,unpaid referrers,utk.edu,2,0,0,0,0,0
Hyatt Place Blacksburg/University,unpaid referrers,gomotionapp.com,1,0,0,0,1,0
Hyatt Place Blacksburg/University,unpaid referrers,bringmydogs.com,1,0,0,0,1,0
Hyatt Place Blacksburg/University,paid meta,,529,75,23549.99,122,45,0.14177693761814744
Hyatt Place Blacksburg/University,organic meta,,195,28,7072.150000000001,39,12,0.14358974358974358
Hyatt Place Blacksburg/University,misc,,146,11,3663.02,19,15,0.07534246575342465
Hyatt Place Blacksburg/University,paid listing,,98,7,1888.3,11,16,0.07142857142857142
Hyatt Place Blacksburg/University,social media,,80,1,159,1,23,0.0125
Hyatt Place Blacksburg/University,email,,29,3,740.3000000000001,4,7,0.10344827586206896


