#=================================================================
# Freeform
# Report suite: Hyatt Place Blacksburg/University - V
"# Date: Jun 1, 2021 - Jun 30, 2021"
#=================================================================


##############################################
# Freeform table
##############################################
,,,Visits,Bookings,Revenue,Room Nights,Bounces,Conversion Rate
Full Property Name,,,8465,592,115333.97,958,2483,0.06993502658003543
Hyatt Place Blacksburg/University,,,8465,592,115333.97,958,2483,0.06993502658003543
Hyatt Place Blacksburg/University,Last Touch Channel Allocation,,8465,592,115333.97,958,2483,0.06993502658003543
Hyatt Place Blacksburg/University,Unspecified,,2284,151,23667.89,238,237,0.06611208406304729
Hyatt Place Blacksburg/University,natural search,,2224,224,47051.950000000004,362,381,0.10071942446043165
Hyatt Place Blacksburg/University,typed/bookmarked,,1501,97,18439,162,279,0.06462358427714857
Hyatt Place Blacksburg/University,hotel wifi,,1477,0,0,0,1450,0
Hyatt Place Blacksburg/University,paid meta,,300,39,8110.49,59,15,0.13
Hyatt Place Blacksburg/University,paid search,,272,44,11984.64,91,26,0.16176470588235295
Hyatt Place Blacksburg/University,email,,183,11,2040.2,16,12,0.060109289617486336
Hyatt Place Blacksburg/University,unpaid referrers,,182,15,2344,17,33,0.08241758241758242
Hyatt Place Blacksburg/University,unpaid referrers,Original Referring Domain,182,15,2344,17,33,0.08241758241758242
Hyatt Place Blacksburg/University,unpaid referrers,theknot.com,45,0,0,0,6,0
Hyatt Place Blacksburg/University,unpaid referrers,duckduckgo.com,36,5,904.5,5,7,0.1388888888888889
Hyatt Place Blacksburg/University,unpaid referrers,vt.edu,34,3,656.65,4,6,0.08823529411764706
Hyatt Place Blacksburg/University,unpaid referrers,google.com,19,2,230.65,2,2,0.10526315789473684
Hyatt Place Blacksburg/University,unpaid referrers,None,18,1,0,2,2,0.05555555555555555
Hyatt Place Blacksburg/University,unpaid referrers,teamunify.com,4,1,163.1,1,2,0.25
Hyatt Place Blacksburg/University,unpaid referrers,starsshowcasebaseball.com,4,0,0,0,0,0
Hyatt Place Blacksburg/University,unpaid referrers,apple.com,3,1,159,1,2,0.3333333333333333
Hyatt Place Blacksburg/University,unpaid referrers,thevthotel.com,3,0,0,0,0,0
Hyatt Place Blacksburg/University,unpaid referrers,bing.com,2,1,161.1,1,0,0.5
Hyatt Place Blacksburg/University,unpaid referrers,google.co.th,2,0,0,0,1,0
Hyatt Place Blacksburg/University,unpaid referrers,virginia.org,2,0,0,0,0,0
Hyatt Place Blacksburg/University,unpaid referrers,eventective.com,2,0,0,0,0,0
Hyatt Place Blacksburg/University,unpaid referrers,aimbridgepassport.com,1,1,69,1,0,1
Hyatt Place Blacksburg/University,unpaid referrers,bahamar.com,1,0,0,0,1,0
Hyatt Place Blacksburg/University,unpaid referrers,nhghotels.com,1,0,0,0,1,0
Hyatt Place Blacksburg/University,unpaid referrers,utk.edu,1,0,0,0,1,0
Hyatt Place Blacksburg/University,unpaid referrers,mailchi.mp,1,0,0,0,1,0
Hyatt Place Blacksburg/University,unpaid referrers,ajcpt.com,1,0,0,0,1,0
Hyatt Place Blacksburg/University,unpaid referrers,awardmapper.com,1,0,0,0,0,0
Hyatt Place Blacksburg/University,unpaid referrers,hokiesports.com,1,0,0,0,0,0
Hyatt Place Blacksburg/University,misc,,83,3,481.2,4,34,0.03614457831325301
Hyatt Place Blacksburg/University,organic meta,,78,8,1214.6000000000001,9,8,0.10256410256410256
Hyatt Place Blacksburg/University,paid social,,12,0,0,0,2,0
Hyatt Place Blacksburg/University,social media,,10,0,0,0,6,0
Hyatt Place Blacksburg/University,meta search,,1,0,0,0,0,0


