#=================================================================,,,,,,,,
# Freeform,,,,,,,,
# Report suite: Hyatt Place Blacksburg/University - V,,,,,,,,
"# Date: Jan 1, 2022 - Jan 31, 2022",,,,,,,,
#=================================================================,,,,,,,,
,,,,,,,,
,,,,,,,,
##############################################,,,,,,,,
# Freeform table,,,,,,,,
##############################################,,,,,,,,
,,,Visits,Bookings,Revenue,Bounces,Room Nights,Conversion Rate
Full Property Name,,,6248,524,120447.97,1682,866,0.083866837
Hyatt Place Blacksburg/University,,,6248,524,120447.97,1682,866,0.083866837
Hyatt Place Blacksburg/University,Last Touch Channel Allocation,,6248,524,120447.97,1682,866,0.083866837
Hyatt Place Blacksburg/University,natural search,,1711,170,40348.39,291,260,0.099357101
Hyatt Place Blacksburg/University,Unspecified,,1327,131,25079.74,73,216,0.098718915
Hyatt Place Blacksburg/University,typed/bookmarked,,1305,107,25004.4,329,189,0.081992337
Hyatt Place Blacksburg/University,hotel wifi,,784,1,171.05,773,1,0.00127551
Hyatt Place Blacksburg/University,paid search,,366,45,14083.8,60,84,0.12295082
Hyatt Place Blacksburg/University,unpaid referrers,,233,13,2539.65,45,20,0.055793991
Hyatt Place Blacksburg/University,unpaid referrers,Original Referring Domain,233,13,2539.65,45,20,0.055793991
Hyatt Place Blacksburg/University,unpaid referrers,vt.edu,80,2,358,20,3,0.025
Hyatt Place Blacksburg/University,unpaid referrers,duckduckgo.com,39,6,878.3,5,8,0.153846154
Hyatt Place Blacksburg/University,unpaid referrers,None,32,3,993.25,3,7,0.09375
Hyatt Place Blacksburg/University,unpaid referrers,google.com,30,1,149,6,1,0.033333333
Hyatt Place Blacksburg/University,unpaid referrers,thevthotel.com,28,0,0,3,0,0
Hyatt Place Blacksburg/University,unpaid referrers,apple.com,6,1,161.1,0,1,0.166666667
Hyatt Place Blacksburg/University,unpaid referrers,doubleclick.net,3,0,0,3,0,0
Hyatt Place Blacksburg/University,unpaid referrers,vtfijigrads.com,3,0,0,2,0,0
Hyatt Place Blacksburg/University,unpaid referrers,qualtrics.com,3,0,0,1,0,0
Hyatt Place Blacksburg/University,unpaid referrers,aiaa.org,2,0,0,1,0,0
Hyatt Place Blacksburg/University,unpaid referrers,com.google,2,0,0,1,0,0
Hyatt Place Blacksburg/University,unpaid referrers,bing.com,2,0,0,0,0,0
Hyatt Place Blacksburg/University,unpaid referrers,hyattconnect.com,1,0,0,0,0,0
Hyatt Place Blacksburg/University,unpaid referrers,microsoft.com,1,0,0,0,0,0
Hyatt Place Blacksburg/University,unpaid referrers,armstrongmywire.com,1,0,0,0,0,0
Hyatt Place Blacksburg/University,misc,,184,3,624.75,25,4,0.016304348
Hyatt Place Blacksburg/University,paid meta,,167,17,4779.9,35,33,0.101796407
Hyatt Place Blacksburg/University,organic meta,,162,20,3838.49,33,30,0.12345679
Hyatt Place Blacksburg/University,paid listing,,57,4,1086,9,6,0.070175439
Hyatt Place Blacksburg/University,email,,52,12,2782.8,3,22,0.230769231
Hyatt Place Blacksburg/University,social media,,10,0,0,4,0,0
Hyatt Place Blacksburg/University,paid social,,7,0,0,1,0,0
Hyatt Place Blacksburg/University,banner ads,,3,0,0,1,0,0
Hyatt Place Blacksburg/University,meta search,,2,1,109,0,1,0.5
