#=================================================================
# Freeform
# Report suite: Hyatt Place Blacksburg/University - V
"# Date: Mar 1, 2022 - Mar 31, 2022"
#=================================================================


##############################################
# Freeform table
##############################################
,,,Visits,Bookings,Revenue,Room Nights,Bounces,Conversion Rate
Full Property Name,,,9394,762,193846.52,1221,2315,0.08111560570576964
Hyatt Place Blacksburg/University,,,9394,762,193846.52,1221,2315,0.08111560570576964
Hyatt Place Blacksburg/University,Last Touch Channel Allocation,,9394,762,193846.52,1221,2315,0.08111560570576964
Hyatt Place Blacksburg/University,natural search,,2852,253,66879.04000000001,376,418,0.08870967741935484
Hyatt Place Blacksburg/University,Unspecified,,1943,197,42656.14,340,101,0.10138960370560988
Hyatt Place Blacksburg/University,typed/bookmarked,,1420,149,42583.81,262,317,0.10492957746478873
Hyatt Place Blacksburg/University,hotel wifi,,1180,0,0,0,1154,0
Hyatt Place Blacksburg/University,unpaid referrers,,659,14,1762.75,17,79,0.021244309559939303
Hyatt Place Blacksburg/University,paid search,,597,68,18555.19,104,92,0.11390284757118928
Hyatt Place Blacksburg/University,paid search,Original Referring Domain,543,14,4816.05,24,58,0.02578268876611418
Hyatt Place Blacksburg/University,misc,,301,7,1612.95,10,43,0.023255813953488372
Hyatt Place Blacksburg/University,paid meta,,285,36,9939.74,51,58,0.12631578947368421
Hyatt Place Blacksburg/University,organic meta,,169,20,5536.1,35,26,0.11834319526627218
Hyatt Place Blacksburg/University,paid listing,,106,6,1106.9,8,13,0.05660377358490566
Hyatt Place Blacksburg/University,email,,61,11,2635.7000000000003,16,4,0.18032786885245902
Hyatt Place Blacksburg/University,paid social,,14,0,0,0,6,0
Hyatt Place Blacksburg/University,social media,,8,1,578.2,2,3,0.125
Hyatt Place Blacksburg/University,banner ads,,1,0,0,0,1,0
Hyatt Place Blacksburg/University,meta search,,1,0,0,0,0,0


