#=================================================================,,,,,,,,
# Freeform,,,,,,,,
# Report suite: Hyatt Place Blacksburg/University - V,,,,,,,,
"# Date: Jul 1, 2022 - Jul 31, 2022",,,,,,,,
#=================================================================,,,,,,,,
,,,,,,,,
,,,,,,,,
##############################################,,,,,,,,
# Freeform table,,,,,,,,
##############################################,,,,,,,,
,,,Visits,Bookings,Revenue,Room Nights,Bounces,Conversion Rate
Full Property Name,,,10499,792,188172.4,1279,2710,0.075435756
Hyatt Place Blacksburg/University,,,10499,792,188172.4,1279,2710,0.075435756
Hyatt Place Blacksburg/University,Last Touch Channel Allocation,,10499,792,188172.4,1279,2710,0.075435756
Hyatt Place Blacksburg/University,natural search,,3001,264,71870.19,457,409,0.087970676
Hyatt Place Blacksburg/University,Unspecified,,2399,194,33864.55,279,131,0.080867028
Hyatt Place Blacksburg/University,hotel wifi,,1556,0,0,0,1498,0
Hyatt Place Blacksburg/University,typed/bookmarked,,1359,132,28520.32,206,275,0.097130243
Hyatt Place Blacksburg/University,paid search,,824,82,21103.17,134,124,0.099514563
Hyatt Place Blacksburg/University,unpaid referrers,,528,18,6311.5,40,43,0.034090909
Hyatt Place Blacksburg/University,unpaid referrers,Original Referring Domain,528,18,6311.5,40,43,0.034090909
Hyatt Place Blacksburg/University,unpaid referrers,None,84,2,1104,4,8,0.023809524
Hyatt Place Blacksburg/University,unpaid referrers,trivago.com,62,0,0,0,1,0
Hyatt Place Blacksburg/University,unpaid referrers,tripadvisor.com,61,0,0,0,1,0
Hyatt Place Blacksburg/University,unpaid referrers,kayak.com,56,0,0,0,6,0
Hyatt Place Blacksburg/University,unpaid referrers,vt.edu,52,2,394.05,2,4,0.038461538
Hyatt Place Blacksburg/University,unpaid referrers,duckduckgo.com,46,4,907.3,6,4,0.086956522
Hyatt Place Blacksburg/University,unpaid referrers,google.com,36,6,2816.6,21,1,0.166666667
Hyatt Place Blacksburg/University,unpaid referrers,thevthotel.com,25,0,0,0,1,0
Hyatt Place Blacksburg/University,unpaid referrers,search.com,17,0,0,0,0,0
Hyatt Place Blacksburg/University,unpaid referrers,ceek.jp,16,0,0,0,0,0
Hyatt Place Blacksburg/University,unpaid referrers,apple.com,13,1,177.65,1,2,0.076923077
Hyatt Place Blacksburg/University,unpaid referrers,vacomrev.com,13,0,0,0,6,0
Hyatt Place Blacksburg/University,unpaid referrers,bing.com,5,1,363.8,2,1,0.2
Hyatt Place Blacksburg/University,unpaid referrers,brave.com,5,0,0,0,1,0
Hyatt Place Blacksburg/University,unpaid referrers,newmediacaucus.org,4,0,0,0,0,0
Hyatt Place Blacksburg/University,unpaid referrers,questionpro.com,3,0,0,0,3,0
Hyatt Place Blacksburg/University,unpaid referrers,barbararuss60th.com,3,0,0,0,3,0
Hyatt Place Blacksburg/University,unpaid referrers,teamunify.com,2,1,369,3,0,0.5
Hyatt Place Blacksburg/University,unpaid referrers,yahoo.com,2,0,0,0,1,0
Hyatt Place Blacksburg/University,unpaid referrers,cardlytics.com,2,0,0,0,0,0
Hyatt Place Blacksburg/University,unpaid referrers,vcom.edu,2,0,0,0,0,0
Hyatt Place Blacksburg/University,unpaid referrers,nhghotels.com,2,0,0,0,0,0
Hyatt Place Blacksburg/University,unpaid referrers,teamsnap.com,2,0,0,0,0,0
Hyatt Place Blacksburg/University,unpaid referrers,weebly.com,2,0,0,0,0,0
Hyatt Place Blacksburg/University,unpaid referrers,constantcontact.com,2,0,0,0,0,0
Hyatt Place Blacksburg/University,paid meta,,471,57,15580.55,86,105,0.121019108
Hyatt Place Blacksburg/University,organic meta,,193,23,4845.4,32,50,0.119170984
Hyatt Place Blacksburg/University,paid listing,,171,12,3561.67,21,30,0.070175439
Hyatt Place Blacksburg/University,misc,,149,2,506.6,5,11,0.013422819
Hyatt Place Blacksburg/University,social media,,46,0,0,0,26,0
Hyatt Place Blacksburg/University,email,,32,7,1856.55,18,5,0.21875
Hyatt Place Blacksburg/University,banner ads,,5,0,0,0,3,0
Hyatt Place Blacksburg/University,paid social,,5,0,0,0,0,0
Hyatt Place Blacksburg/University,meta search,,2,1,151.9,1,0,0.5
