#=================================================================,,,,,,,,
# Freeform,,,,,,,,
# Report suite: Hyatt Place Blacksburg/University - V,,,,,,,,
"# Date: Jan 1, 2023 - Jan 31, 2023",,,,,,,,
#=================================================================,,,,,,,,
,,,,,,,,
,,,,,,,,
##############################################,,,,,,,,
# Freeform table,,,,,,,,
##############################################,,,,,,,,
,,,Bookings,Revenue,Room Nights,Bounces,Conversion Rate,Visits
Full Property Name,,,712,155351.48,1123,3086,0.074128058,9605
Hyatt Place Blacksburg/University,,,712,155351.48,1123,3086,0.074128058,9605
Hyatt Place Blacksburg/University,Last Touch Channel Allocation,,712,155351.48,1123,3086,0.074128058,9605
Hyatt Place Blacksburg/University,natural search,,227,51324.04,354,392,0.08990099,2525
Hyatt Place Blacksburg/University,Unspecified,,186,35561.8,266,179,0.086150996,2159
Hyatt Place Blacksburg/University,hotel wifi,,0,0,0,1809,0,1868
Hyatt Place Blacksburg/University,typed/bookmarked,,140,33231.74,239,370,0.100358423,1395
Hyatt Place Blacksburg/University,unpaid referrers,,22,5049.75,43,55,0.040968343,537
Hyatt Place Blacksburg/University,unpaid referrers,Original Referring Domain,22,5049.75,43,55,0.040968343,537
Hyatt Place Blacksburg/University,unpaid referrers,vt.edu,4,975.3,7,12,0.048192771,83
Hyatt Place Blacksburg/University,unpaid referrers,None,10,1537.1,21,6,0.144927536,69
Hyatt Place Blacksburg/University,unpaid referrers,tripadvisor.com,0,0,0,4,0,47
Hyatt Place Blacksburg/University,unpaid referrers,google.com,1,359.1,2,3,0.022222222,45
Hyatt Place Blacksburg/University,unpaid referrers,trivago.com,0,0,0,1,0,44
Hyatt Place Blacksburg/University,unpaid referrers,kayak.com,0,0,0,0,0,44
Hyatt Place Blacksburg/University,unpaid referrers,duckduckgo.com,2,503,3,4,0.051282051,39
Hyatt Place Blacksburg/University,unpaid referrers,thevthotel.com,2,1125.75,5,9,0.058823529,34
Hyatt Place Blacksburg/University,unpaid referrers,ceek.jp,0,0,0,0,0,23
Hyatt Place Blacksburg/University,unpaid referrers,gomotionapp.com,0,0,0,9,0,22
Hyatt Place Blacksburg/University,unpaid referrers,search.com,0,0,0,0,0,21
Hyatt Place Blacksburg/University,unpaid referrers,apple.com,2,313.2,3,1,0.142857143,14
Hyatt Place Blacksburg/University,unpaid referrers,questionpro.com,1,236.3,2,1,0.1,10
Hyatt Place Blacksburg/University,unpaid referrers,teamunify.com,0,0,0,2,0,6
Hyatt Place Blacksburg/University,unpaid referrers,hokiesports.com,0,0,0,0,0,5
Hyatt Place Blacksburg/University,unpaid referrers,theknot.com,0,0,0,0,0,4
Hyatt Place Blacksburg/University,unpaid referrers,utk.edu,0,0,0,0,0,4
Hyatt Place Blacksburg/University,unpaid referrers,instagram.com,0,0,0,1,0,2
Hyatt Place Blacksburg/University,unpaid referrers,hyattconnect.com,0,0,0,0,0,2
Hyatt Place Blacksburg/University,unpaid referrers,unc.edu,0,0,0,0,0,2
Hyatt Place Blacksburg/University,unpaid referrers,ecosia.org,0,0,0,0,0,2
Hyatt Place Blacksburg/University,unpaid referrers,yahoo.com,0,0,0,0,0,2
Hyatt Place Blacksburg/University,unpaid referrers,emailprotection.link,0,0,0,1,0,1
Hyatt Place Blacksburg/University,unpaid referrers,snapchat.com,0,0,0,1,0,1
Hyatt Place Blacksburg/University,unpaid referrers,lgbtqguide.net,0,0,0,0,0,1
Hyatt Place Blacksburg/University,paid search,,59,12418.05,89,54,0.127155172,464
Hyatt Place Blacksburg/University,paid meta,,35,9571.95,65,51,0.114006515,307
Hyatt Place Blacksburg/University,social media,,0,0,0,132,0,151
Hyatt Place Blacksburg/University,organic meta,,23,4119.6,33,21,0.153333333,150
Hyatt Place Blacksburg/University,misc,,7,1255.85,12,9,0.0625,112
Hyatt Place Blacksburg/University,paid listing,,8,1708.4,14,13,0.085106383,94
Hyatt Place Blacksburg/University,email,,5,1110.3,8,0,0.217391304,23
Hyatt Place Blacksburg/University,paid social,,0,0,0,1,0,1
