#=================================================================
# Freeform
# Report suite: Hyatt Place Blacksburg/University - V
"# Date: Mar 1, 2021 - Mar 31, 2021"
#=================================================================


##############################################
# Freeform table
##############################################
,,,Visits,Bookings,Revenue,Room Nights,Bounces,Conversion Rate
Full Property Name,,,8806,826,152147.9,1462,2814,0.09379968203497616
Hyatt Place Blacksburg/University,,,8806,826,152147.9,1462,2814,0.09379968203497616
Hyatt Place Blacksburg/University,Last Touch Channel Allocation,,8773,713,169742.77,1299,2593,0.0812720848056537
Hyatt Place Blacksburg/University,natural search,,2497,270,67209.52,509,344,0.10812975570684821
Hyatt Place Blacksburg/University,Unspecified,,1860,158,31625.25,255,251,0.08494623655913978
Hyatt Place Blacksburg/University,hotel wifi,,1726,2,490.2,9,1686,0.0011587485515643105
Hyatt Place Blacksburg/University,typed/bookmarked,,1524,127,29618.4,241,212,0.08333333333333333
Hyatt Place Blacksburg/University,paid meta,,423,58,14396.35,98,6,0.13711583924349882
Hyatt Place Blacksburg/University,paid search,,262,49,16654.95,104,4,0.18702290076335878
Hyatt Place Blacksburg/University,unpaid referrers,,243,16,2274.15,23,38,0.06584362139917696
Hyatt Place Blacksburg/University,unpaid referrers,Original Referring Domain,243,16,2274.15,23,38,0.06584362139917696
Hyatt Place Blacksburg/University,email,,191,8,1391.25,9,7,0.041884816753926704
Hyatt Place Blacksburg/University,organic meta,,103,16,3416.4,33,4,0.1553398058252427
Hyatt Place Blacksburg/University,misc,,69,9,2666.3,18,29,0.13043478260869565
Hyatt Place Blacksburg/University,paid social,,20,0,0,0,10,0
Hyatt Place Blacksburg/University,banner ads,,3,0,0,0,1,0
Hyatt Place Blacksburg/University,social media,,3,0,0,0,1,0
Hyatt Place Blacksburg/University,meta search,,2,0,0,0,0,0
Hyatt Place Blacksburg/University,paid listing,,1,0,0,0,0,0


