#=================================================================,,,,,,,,
# Freeform,,,,,,,,
# Report suite: Hyatt Place Blacksburg/University - V,,,,,,,,
"# Date: Jul 1, 2021 - Jul 31, 2021",,,,,,,,
#=================================================================,,,,,,,,
,,,,,,,,
,,,,,,,,
##############################################,,,,,,,,
# Freeform table,,,,,,,,
##############################################,,,,,,,,
,,,Visits,Room Nights,Revenue,Bookings,Bounces,Conversion Rate
Full Property Name,,,9644,1221,190518.58,789,2773,0.081812526
Hyatt Place Blacksburg/University,,,9644,1221,190518.58,789,2773,0.081812526
Hyatt Place Blacksburg/University,Last Touch Channel Allocation,,9644,1221,190518.58,789,2773,0.081812526
Hyatt Place Blacksburg/University,natural search,,3036,424,73076.55,279,455,0.091897233
Hyatt Place Blacksburg/University,Unspecified,,1906,221,27104.61,149,128,0.078174187
Hyatt Place Blacksburg/University,typed/bookmarked,,1698,290,41461.4,177,344,0.104240283
Hyatt Place Blacksburg/University,hotel wifi,,1641,0,0,0,1614,0
Hyatt Place Blacksburg/University,paid meta,,504,116,21569.95,83,50,0.16468254
Hyatt Place Blacksburg/University,paid search,,392,94,14129.45,51,50,0.130102041
Hyatt Place Blacksburg/University,email,,203,14,2230.75,9,11,0.044334975
Hyatt Place Blacksburg/University,unpaid referrers,,180,38,6167.42,25,30,0.138888889
Hyatt Place Blacksburg/University,unpaid referrers,Original Referring Domain,180,38,6167.42,25,30,0.138888889
Hyatt Place Blacksburg/University,unpaid referrers,vt.edu,56,6,1260.19,3,13,0.053571429
Hyatt Place Blacksburg/University,unpaid referrers,duckduckgo.com,44,12,1679.7,10,5,0.227272727
Hyatt Place Blacksburg/University,unpaid referrers,None,17,3,870.3,2,0,0.117647059
Hyatt Place Blacksburg/University,unpaid referrers,google.com,15,2,0,2,2,0.133333333
Hyatt Place Blacksburg/University,unpaid referrers,theknot.com,10,0,0,0,1,0
Hyatt Place Blacksburg/University,unpaid referrers,starsshowcasebaseball.com,8,2,285.1,1,2,0.125
Hyatt Place Blacksburg/University,unpaid referrers,thevthotel.com,7,6,967.98,1,0,0.142857143
Hyatt Place Blacksburg/University,unpaid referrers,apple.com,3,0,0,0,1,0
Hyatt Place Blacksburg/University,unpaid referrers,virginia.org,3,0,0,0,0,0
Hyatt Place Blacksburg/University,unpaid referrers,opennetworkexchange.net,2,3,376.2,3,0,1.5
Hyatt Place Blacksburg/University,unpaid referrers,unc.edu,2,0,0,0,2,0
Hyatt Place Blacksburg/University,unpaid referrers,vcom.edu,2,0,0,0,1,0
Hyatt Place Blacksburg/University,unpaid referrers,hyat.com,1,2,376.2,1,0,1
Hyatt Place Blacksburg/University,unpaid referrers,oraclecloud.com,1,1,226.65,1,0,1
Hyatt Place Blacksburg/University,unpaid referrers,bing.com,1,1,125.1,1,0,1
Hyatt Place Blacksburg/University,unpaid referrers,hokiesports.com,1,0,0,0,1,0
Hyatt Place Blacksburg/University,unpaid referrers,dogpile.com,1,0,0,0,1,0
Hyatt Place Blacksburg/University,unpaid referrers,Unknown,1,0,0,0,1,0
Hyatt Place Blacksburg/University,unpaid referrers,eventective.com,1,0,0,0,0,0
Hyatt Place Blacksburg/University,unpaid referrers,doctorofcredit.com,1,0,0,0,0,0
Hyatt Place Blacksburg/University,unpaid referrers,nhghotels.com,1,0,0,0,0,0
Hyatt Place Blacksburg/University,unpaid referrers,healthjob.org,1,0,0,0,0,0
Hyatt Place Blacksburg/University,unpaid referrers,charlestoncvb.com,1,0,0,0,0,0
Hyatt Place Blacksburg/University,organic meta,,118,21,4043.15,14,18,0.118644068
Hyatt Place Blacksburg/University,misc,,102,3,735.3,2,43,0.019607843
Hyatt Place Blacksburg/University,paid social,,34,0,0,0,14,0
Hyatt Place Blacksburg/University,social media,,20,0,0,0,16,0
Hyatt Place Blacksburg/University,banner ads,,1,0,0,0,0,0
Hyatt Place Blacksburg/University,meta search,,1,0,0,0,0,0
